{
  "factor": {
    "is": {
      "PMARP_Rebound_V1": {
        "by_horizon": {
          "21": {
            "ic_mean": 0.010802514217172062,
            "ic_tstat": 0.16713637922351238,
            "n_ic_obs": 190,
            "p_value": 0.8674414295044295,
            "top_bottom_spread": -0.005705985430809721,
            "top_decile_excess_return": 0.006033715471096145
          },
          "5": {
            "ic_mean": 0.013259375173063387,
            "ic_tstat": 0.2553330207258056,
            "n_ic_obs": 190,
            "p_value": 0.7987435457388228,
            "top_bottom_spread": 0.001198587001068851,
            "top_decile_excess_return": 0.003342631903010165
          },
          "63": {
            "ic_mean": -0.045912728361298547,
            "ic_tstat": -0.5531586621311378,
            "n_ic_obs": 190,
            "p_value": 0.5808084830283463,
            "top_bottom_spread": -0.02627965916360931,
            "top_decile_excess_return": -0.004629579362962972
          }
        },
        "ic_decay": {
          "21": 0.010802514217172062,
          "5": 0.013259375173063387,
          "63": -0.045912728361298547
        },
        "ic_mean": 0.013259375173063387,
        "ic_tstat": 0.2553330207258056,
        "primary_horizon": 5,
        "top_bottom_spread": 0.001198587001068851,
        "top_decile_excess_return": 0.003342631903010165
      },
      "combo": {
        "by_horizon": {
          "21": {
            "ic_mean": 0.010802514217172062,
            "ic_tstat": 0.16713637922351238,
            "n_ic_obs": 190,
            "p_value": 0.8674414295044295,
            "top_bottom_spread": -0.005705985430809721,
            "top_decile_excess_return": 0.006033715471096145
          },
          "5": {
            "ic_mean": 0.013259375173063387,
            "ic_tstat": 0.2553330207258056,
            "n_ic_obs": 190,
            "p_value": 0.7987435457388228,
            "top_bottom_spread": 0.001198587001068851,
            "top_decile_excess_return": 0.003342631903010165
          },
          "63": {
            "ic_mean": -0.045912728361298547,
            "ic_tstat": -0.5531586621311378,
            "n_ic_obs": 190,
            "p_value": 0.5808084830283463,
            "top_bottom_spread": -0.02627965916360931,
            "top_decile_excess_return": -0.004629579362962972
          }
        },
        "ic_decay": {
          "21": 0.010802514217172062,
          "5": 0.013259375173063387,
          "63": -0.045912728361298547
        },
        "ic_mean": 0.013259375173063387,
        "ic_tstat": 0.2553330207258056,
        "primary_horizon": 5,
        "top_bottom_spread": 0.001198587001068851,
        "top_decile_excess_return": 0.003342631903010165
      }
    },
    "oos": {
      "PMARP_Rebound_V1": {
        "by_horizon": {
          "21": {
            "ic_mean": -0.01421759736705628,
            "ic_tstat": -0.33878131716610504,
            "n_ic_obs": 425,
            "p_value": 0.7349421858138903,
            "top_bottom_spread": -0.012664857267697033,
            "top_decile_excess_return": -0.0014040567566110643
          },
          "5": {
            "ic_mean": -0.015815530882248647,
            "ic_tstat": -0.5414494959071255,
            "n_ic_obs": 441,
            "p_value": 0.5884718435006586,
            "top_bottom_spread": -0.0033398438650912533,
            "top_decile_excess_return": -0.0011526633376118657
          },
          "63": {
            "ic_mean": -0.0865801247312102,
            "ic_tstat": -1.89199650531325,
            "n_ic_obs": 383,
            "p_value": 0.05924746748843965,
            "top_bottom_spread": -0.030765629268949383,
            "top_decile_excess_return": 0.007740062785273826
          }
        },
        "ic_decay": {
          "21": -0.01421759736705628,
          "5": -0.015815530882248647,
          "63": -0.0865801247312102
        },
        "ic_mean": -0.015815530882248647,
        "ic_tstat": -0.5414494959071255,
        "primary_horizon": 5,
        "top_bottom_spread": -0.0033398438650912533,
        "top_decile_excess_return": -0.0011526633376118657
      },
      "combo": {
        "by_horizon": {
          "21": {
            "ic_mean": -0.01421759736705628,
            "ic_tstat": -0.33878131716610504,
            "n_ic_obs": 425,
            "p_value": 0.7349421858138903,
            "top_bottom_spread": -0.012664857267697033,
            "top_decile_excess_return": -0.0014040567566110643
          },
          "5": {
            "ic_mean": -0.015815530882248647,
            "ic_tstat": -0.5414494959071255,
            "n_ic_obs": 441,
            "p_value": 0.5884718435006586,
            "top_bottom_spread": -0.0033398438650912533,
            "top_decile_excess_return": -0.0011526633376118657
          },
          "63": {
            "ic_mean": -0.0865801247312102,
            "ic_tstat": -1.89199650531325,
            "n_ic_obs": 383,
            "p_value": 0.05924746748843965,
            "top_bottom_spread": -0.030765629268949383,
            "top_decile_excess_return": 0.007740062785273826
          }
        },
        "ic_decay": {
          "21": -0.01421759736705628,
          "5": -0.015815530882248647,
          "63": -0.0865801247312102
        },
        "ic_mean": -0.015815530882248647,
        "ic_tstat": -0.5414494959071255,
        "primary_horizon": 5,
        "top_bottom_spread": -0.0033398438650912533,
        "top_decile_excess_return": -0.0011526633376118657
      }
    }
  },
  "gates": {
    "annual_turnover_within_limit": {
      "pass": true,
      "threshold": 20.0,
      "value": 6.2132
    },
    "is_sharpe_positive": {
      "pass": true,
      "value": 0.2814
    },
    "oos_ic_positive": {
      "pass": false,
      "value": -0.015815530882248647
    },
    "oos_sharpe_positive": {
      "pass": true,
      "value": 1.4052
    },
    "oos_vs_is_sharpe_ratio_gte_0_5": {
      "pass": true,
      "threshold": 0.5,
      "value": 4.99360341151386
    }
  },
  "shared_root": "/Users/owen/CC workspace/Finance",
  "strategy": {
    "is": {
      "alpha": 0.019138,
      "annual_turnover": 2.3857,
      "annual_volatility": 0.078111,
      "benchmark_cagr": 0.040536,
      "beta": 0.1386,
      "cagr": 0.021978,
      "calmar_ratio": 0.2806,
      "excess_cagr": -0.018558,
      "information_ratio": -0.1704,
      "ir": -0.1704,
      "max_dd_duration": 50,
      "max_drawdown": -0.078324,
      "n_days": 640,
      "n_trades": 1429,
      "sharpe_ratio": 0.2814,
      "sortino_ratio": 0.3844,
      "total_costs": 874.82,
      "total_return": 0.056766,
      "tracking_error": 0.174984,
      "win_rate": 0.4773
    },
    "oos": {
      "alpha": 0.116613,
      "annual_turnover": 6.2132,
      "annual_volatility": 0.076482,
      "benchmark_cagr": 0.174103,
      "beta": -0.0146,
      "cagr": 0.107471,
      "calmar_ratio": 1.5112,
      "excess_cagr": -0.06663200000000001,
      "information_ratio": -0.3637,
      "ir": -0.3637,
      "max_dd_duration": 14,
      "max_drawdown": -0.071114,
      "n_days": 582,
      "n_trades": 3572,
      "sharpe_ratio": 1.4052,
      "sortino_ratio": 1.9514,
      "total_costs": 2272.64,
      "total_return": 0.265862,
      "tracking_error": 0.181407,
      "win_rate": 0.5301
    }
  }
}