{
  "factor": {
    "is": {
      "PMARP_Rebound_V1": {
        "by_horizon": {
          "21": {
            "ic_mean": -0.04923054631179238,
            "ic_tstat": -0.732651499887771,
            "n_ic_obs": 230,
            "p_value": 0.4645202507924315,
            "top_bottom_spread": -0.017927043484110745,
            "top_decile_excess_return": -0.0038065348261371794
          },
          "5": {
            "ic_mean": 0.006499990468958987,
            "ic_tstat": 0.15718066715019757,
            "n_ic_obs": 230,
            "p_value": 0.8752409597564,
            "top_bottom_spread": -0.0006757316562448055,
            "top_decile_excess_return": 0.0018867851822985445
          },
          "63": {
            "ic_mean": -0.03409465985789649,
            "ic_tstat": -0.5001344974787088,
            "n_ic_obs": 210,
            "p_value": 0.6175065618471496,
            "top_bottom_spread": -0.018536567456732333,
            "top_decile_excess_return": -0.002655643912916481
          }
        },
        "ic_decay": {
          "21": -0.04923054631179238,
          "5": 0.006499990468958987,
          "63": -0.03409465985789649
        },
        "ic_mean": 0.006499990468958987,
        "ic_tstat": 0.15718066715019757,
        "primary_horizon": 5,
        "top_bottom_spread": -0.0006757316562448055,
        "top_decile_excess_return": 0.0018867851822985445
      },
      "combo": {
        "by_horizon": {
          "21": {
            "ic_mean": -0.04923054631179238,
            "ic_tstat": -0.732651499887771,
            "n_ic_obs": 230,
            "p_value": 0.4645202507924315,
            "top_bottom_spread": -0.017927043484110745,
            "top_decile_excess_return": -0.0038065348261371794
          },
          "5": {
            "ic_mean": 0.006499990468958987,
            "ic_tstat": 0.15718066715019757,
            "n_ic_obs": 230,
            "p_value": 0.8752409597564,
            "top_bottom_spread": -0.0006757316562448055,
            "top_decile_excess_return": 0.0018867851822985445
          },
          "63": {
            "ic_mean": -0.03409465985789649,
            "ic_tstat": -0.5001344974787088,
            "n_ic_obs": 210,
            "p_value": 0.6175065618471496,
            "top_bottom_spread": -0.018536567456732333,
            "top_decile_excess_return": -0.002655643912916481
          }
        },
        "ic_decay": {
          "21": -0.04923054631179238,
          "5": 0.006499990468958987,
          "63": -0.03409465985789649
        },
        "ic_mean": 0.006499990468958987,
        "ic_tstat": 0.15718066715019757,
        "primary_horizon": 5,
        "top_bottom_spread": -0.0006757316562448055,
        "top_decile_excess_return": 0.0018867851822985445
      }
    },
    "oos": {
      "PMARP_Rebound_V1": {
        "by_horizon": {
          "21": {
            "ic_mean": -0.050023221288054656,
            "ic_tstat": -1.2017549579368687,
            "n_ic_obs": 445,
            "p_value": 0.23009907366713092,
            "top_bottom_spread": -0.011663592547246955,
            "top_decile_excess_return": -0.00662965491864948
          },
          "5": {
            "ic_mean": -0.037184563664164436,
            "ic_tstat": -1.2485517075766503,
            "n_ic_obs": 461,
            "p_value": 0.21246415147881384,
            "top_bottom_spread": -0.00362644362121503,
            "top_decile_excess_return": -0.0034538001280524687
          },
          "63": {
            "ic_mean": -0.06939505525122243,
            "ic_tstat": -1.7661704263004796,
            "n_ic_obs": 403,
            "p_value": 0.07812619103384445,
            "top_bottom_spread": -0.04440008475794122,
            "top_decile_excess_return": -0.01676685781880089
          }
        },
        "ic_decay": {
          "21": -0.050023221288054656,
          "5": -0.037184563664164436,
          "63": -0.06939505525122243
        },
        "ic_mean": -0.037184563664164436,
        "ic_tstat": -1.2485517075766503,
        "primary_horizon": 5,
        "top_bottom_spread": -0.00362644362121503,
        "top_decile_excess_return": -0.0034538001280524687
      },
      "combo": {
        "by_horizon": {
          "21": {
            "ic_mean": -0.050023221288054656,
            "ic_tstat": -1.2017549579368687,
            "n_ic_obs": 445,
            "p_value": 0.23009907366713092,
            "top_bottom_spread": -0.011663592547246955,
            "top_decile_excess_return": -0.00662965491864948
          },
          "5": {
            "ic_mean": -0.037184563664164436,
            "ic_tstat": -1.2485517075766503,
            "n_ic_obs": 461,
            "p_value": 0.21246415147881384,
            "top_bottom_spread": -0.00362644362121503,
            "top_decile_excess_return": -0.0034538001280524687
          },
          "63": {
            "ic_mean": -0.06939505525122243,
            "ic_tstat": -1.7661704263004796,
            "n_ic_obs": 403,
            "p_value": 0.07812619103384445,
            "top_bottom_spread": -0.04440008475794122,
            "top_decile_excess_return": -0.01676685781880089
          }
        },
        "ic_decay": {
          "21": -0.050023221288054656,
          "5": -0.037184563664164436,
          "63": -0.06939505525122243
        },
        "ic_mean": -0.037184563664164436,
        "ic_tstat": -1.2485517075766503,
        "primary_horizon": 5,
        "top_bottom_spread": -0.00362644362121503,
        "top_decile_excess_return": -0.0034538001280524687
      }
    }
  },
  "gates": {
    "annual_turnover_within_limit": {
      "pass": true,
      "threshold": 20.0,
      "value": 6.0861
    },
    "is_sharpe_positive": {
      "pass": true,
      "value": 0.2267
    },
    "oos_ic_positive": {
      "pass": false,
      "value": -0.037184563664164436
    },
    "oos_sharpe_positive": {
      "pass": true,
      "value": 1.3431
    },
    "oos_vs_is_sharpe_ratio_gte_0_5": {
      "pass": true,
      "threshold": 0.5,
      "value": 5.924569916188795
    }
  },
  "shared_root": "/Users/owen/CC workspace/Finance",
  "strategy": {
    "is": {
      "alpha": 0.014844,
      "annual_turnover": 2.3659,
      "annual_volatility": 0.08061,
      "benchmark_cagr": 0.040536,
      "beta": 0.1489,
      "cagr": 0.018275,
      "calmar_ratio": 0.2273,
      "excess_cagr": -0.022261000000000003,
      "information_ratio": -0.1919,
      "ir": -0.1919,
      "max_dd_duration": 32,
      "max_drawdown": -0.080383,
      "n_days": 640,
      "n_trades": 1748,
      "sharpe_ratio": 0.2267,
      "sortino_ratio": 0.3111,
      "total_costs": 871.54,
      "total_return": 0.047067,
      "tracking_error": 0.174151,
      "win_rate": 0.4757
    },
    "oos": {
      "alpha": 0.117534,
      "annual_turnover": 6.0861,
      "annual_volatility": 0.089756,
      "benchmark_cagr": 0.174103,
      "beta": -0.0107,
      "cagr": 0.120554,
      "calmar_ratio": 1.4335,
      "excess_cagr": -0.05354900000000001,
      "information_ratio": -0.3461,
      "ir": -0.3461,
      "max_dd_duration": 14,
      "max_drawdown": -0.084098,
      "n_days": 582,
      "n_trades": 4138,
      "sharpe_ratio": 1.3431,
      "sortino_ratio": 1.8306,
      "total_costs": 2252.24,
      "total_return": 0.300666,
      "tracking_error": 0.186329,
      "win_rate": 0.537
    }
  }
}