{
  "factor": {
    "is": {
      "PMARP_Rebound_V1": {
        "by_horizon": {
          "21": {
            "ic_mean": 0.23778083230637975,
            "ic_tstat": 2.2442582343527877,
            "n_ic_obs": 137,
            "p_value": 0.02643137098427645,
            "top_bottom_spread": 0.038700165057406165,
            "top_decile_excess_return": -0.014576955830294676
          },
          "5": {
            "ic_mean": 0.0497464844523668,
            "ic_tstat": 0.5975481609776703,
            "n_ic_obs": 153,
            "p_value": 0.5510306344174928,
            "top_bottom_spread": 0.0040502371270410035,
            "top_decile_excess_return": -0.0048651254311791415
          },
          "63": {
            "ic_mean": 0.3686606322969959,
            "ic_tstat": 2.8980906696180986,
            "n_ic_obs": 99,
            "p_value": 0.004632438860249672,
            "top_bottom_spread": 0.12528517567333983,
            "top_decile_excess_return": 0.06917798781914111
          }
        },
        "ic_decay": {
          "21": 0.23778083230637975,
          "5": 0.0497464844523668,
          "63": 0.3686606322969959
        },
        "ic_mean": 0.0497464844523668,
        "ic_tstat": 0.5975481609776703,
        "primary_horizon": 5,
        "top_bottom_spread": 0.0040502371270410035,
        "top_decile_excess_return": -0.0048651254311791415
      },
      "combo": {
        "by_horizon": {
          "21": {
            "ic_mean": 0.23778083230637975,
            "ic_tstat": 2.2442582343527877,
            "n_ic_obs": 137,
            "p_value": 0.02643137098427645,
            "top_bottom_spread": 0.038700165057406165,
            "top_decile_excess_return": -0.014576955830294676
          },
          "5": {
            "ic_mean": 0.0497464844523668,
            "ic_tstat": 0.5975481609776703,
            "n_ic_obs": 153,
            "p_value": 0.5510306344174928,
            "top_bottom_spread": 0.0040502371270410035,
            "top_decile_excess_return": -0.0048651254311791415
          },
          "63": {
            "ic_mean": 0.3686606322969959,
            "ic_tstat": 2.8980906696180986,
            "n_ic_obs": 99,
            "p_value": 0.004632438860249672,
            "top_bottom_spread": 0.12528517567333983,
            "top_decile_excess_return": 0.06917798781914111
          }
        },
        "ic_decay": {
          "21": 0.23778083230637975,
          "5": 0.0497464844523668,
          "63": 0.3686606322969959
        },
        "ic_mean": 0.0497464844523668,
        "ic_tstat": 0.5975481609776703,
        "primary_horizon": 5,
        "top_bottom_spread": 0.0040502371270410035,
        "top_decile_excess_return": -0.0048651254311791415
      }
    },
    "oos": {
      "PMARP_Rebound_V1": {
        "by_horizon": {
          "21": {
            "ic_mean": -0.057212775997221806,
            "ic_tstat": -0.45476136558692937,
            "n_ic_obs": 142,
            "p_value": 0.6499803084719694,
            "top_bottom_spread": -0.015037301515028459,
            "top_decile_excess_return": -0.002152044188615858
          },
          "5": {
            "ic_mean": 0.022314921365554283,
            "ic_tstat": 0.24324712091024933,
            "n_ic_obs": 158,
            "p_value": 0.8081314928602801,
            "top_bottom_spread": 0.0029790587933383513,
            "top_decile_excess_return": 0.0041911184527425645
          },
          "63": {
            "ic_mean": -0.027948824630746823,
            "ic_tstat": -0.1957272792342918,
            "n_ic_obs": 114,
            "p_value": 0.8451751610781756,
            "top_bottom_spread": 0.005770153378733977,
            "top_decile_excess_return": 0.0058552184153500345
          }
        },
        "ic_decay": {
          "21": -0.057212775997221806,
          "5": 0.022314921365554283,
          "63": -0.027948824630746823
        },
        "ic_mean": 0.022314921365554283,
        "ic_tstat": 0.24324712091024933,
        "primary_horizon": 5,
        "top_bottom_spread": 0.0029790587933383513,
        "top_decile_excess_return": 0.0041911184527425645
      },
      "combo": {
        "by_horizon": {
          "21": {
            "ic_mean": -0.057212775997221806,
            "ic_tstat": -0.45476136558692937,
            "n_ic_obs": 142,
            "p_value": 0.6499803084719694,
            "top_bottom_spread": -0.015037301515028459,
            "top_decile_excess_return": -0.002152044188615858
          },
          "5": {
            "ic_mean": 0.022314921365554283,
            "ic_tstat": 0.24324712091024933,
            "n_ic_obs": 158,
            "p_value": 0.8081314928602801,
            "top_bottom_spread": 0.0029790587933383513,
            "top_decile_excess_return": 0.0041911184527425645
          },
          "63": {
            "ic_mean": -0.027948824630746823,
            "ic_tstat": -0.1957272792342918,
            "n_ic_obs": 114,
            "p_value": 0.8451751610781756,
            "top_bottom_spread": 0.005770153378733977,
            "top_decile_excess_return": 0.0058552184153500345
          }
        },
        "ic_decay": {
          "21": -0.057212775997221806,
          "5": 0.022314921365554283,
          "63": -0.027948824630746823
        },
        "ic_mean": 0.022314921365554283,
        "ic_tstat": 0.24324712091024933,
        "primary_horizon": 5,
        "top_bottom_spread": 0.0029790587933383513,
        "top_decile_excess_return": 0.0041911184527425645
      }
    }
  },
  "gates": {
    "annual_turnover_within_limit": {
      "pass": true,
      "threshold": 20.0,
      "value": 4.5847
    },
    "is_sharpe_positive": {
      "pass": false,
      "value": -0.5117
    },
    "oos_ic_positive": {
      "pass": true,
      "value": 0.022314921365554283
    },
    "oos_sharpe_positive": {
      "pass": true,
      "value": 1.8178
    },
    "oos_vs_is_sharpe_ratio_gte_0_5": {
      "pass": true,
      "threshold": 0.5,
      "value": -3.552472151651358
    }
  },
  "shared_root": "/Users/owen/CC workspace/Finance",
  "strategy": {
    "is": {
      "alpha": -0.040084,
      "annual_turnover": 4.7729,
      "annual_volatility": 0.088323,
      "benchmark_cagr": 0.239987,
      "beta": -0.0142,
      "cagr": -0.045199,
      "calmar_ratio": -0.4245,
      "excess_cagr": -0.285186,
      "information_ratio": -1.7298,
      "ir": -1.7298,
      "max_dd_duration": 96,
      "max_drawdown": -0.106473,
      "n_days": 259,
      "n_trades": 766,
      "sharpe_ratio": -0.5117,
      "sortino_ratio": -0.5824,
      "total_costs": 701.69,
      "total_return": -0.046425,
      "tracking_error": 0.155266,
      "win_rate": 0.5233
    },
    "oos": {
      "alpha": 0.13645,
      "annual_turnover": 4.5847,
      "annual_volatility": 0.068852,
      "benchmark_cagr": 0.16783,
      "beta": -0.0252,
      "cagr": 0.125158,
      "calmar_ratio": 2.5972,
      "excess_cagr": -0.042672000000000015,
      "information_ratio": -0.2403,
      "ir": -0.2403,
      "max_dd_duration": 33,
      "max_drawdown": -0.04819,
      "n_days": 255,
      "n_trades": 776,
      "sharpe_ratio": 1.8178,
      "sortino_ratio": 2.7583,
      "total_costs": 688.73,
      "total_return": 0.126739,
      "tracking_error": 0.211691,
      "win_rate": 0.5315
    }
  }
}