{
  "factor": {
    "is": {
      "PMARP_Rebound_V1": {
        "by_horizon": {
          "21": {
            "ic_mean": -0.015310760044546902,
            "ic_tstat": -0.21547189200392963,
            "n_ic_obs": 228,
            "p_value": 0.8295928988456306,
            "top_bottom_spread": 0.01989556789232199,
            "top_decile_excess_return": 0.005847899834556829
          },
          "5": {
            "ic_mean": -0.06264804882052255,
            "ic_tstat": -1.1154413295222299,
            "n_ic_obs": 244,
            "p_value": 0.2657632237761806,
            "top_bottom_spread": 0.004049397635173208,
            "top_decile_excess_return": -5.3417391491879944e-05
          },
          "63": {
            "ic_mean": 0.0044255447993089125,
            "ic_tstat": 0.06150383150955657,
            "n_ic_obs": 186,
            "p_value": 0.9510243576511138,
            "top_bottom_spread": -0.018543239155101827,
            "top_decile_excess_return": -0.022634523903095505
          }
        },
        "ic_decay": {
          "21": -0.015310760044546902,
          "5": -0.06264804882052255,
          "63": 0.0044255447993089125
        },
        "ic_mean": -0.06264804882052255,
        "ic_tstat": -1.1154413295222299,
        "primary_horizon": 5,
        "top_bottom_spread": 0.004049397635173208,
        "top_decile_excess_return": -5.3417391491879944e-05
      },
      "combo": {
        "by_horizon": {
          "21": {
            "ic_mean": -0.015310760044546902,
            "ic_tstat": -0.21547189200392963,
            "n_ic_obs": 228,
            "p_value": 0.8295928988456306,
            "top_bottom_spread": 0.01989556789232199,
            "top_decile_excess_return": 0.005847899834556829
          },
          "5": {
            "ic_mean": -0.06264804882052255,
            "ic_tstat": -1.1154413295222299,
            "n_ic_obs": 244,
            "p_value": 0.2657632237761806,
            "top_bottom_spread": 0.004049397635173208,
            "top_decile_excess_return": -5.3417391491879944e-05
          },
          "63": {
            "ic_mean": 0.0044255447993089125,
            "ic_tstat": 0.06150383150955657,
            "n_ic_obs": 186,
            "p_value": 0.9510243576511138,
            "top_bottom_spread": -0.018543239155101827,
            "top_decile_excess_return": -0.022634523903095505
          }
        },
        "ic_decay": {
          "21": -0.015310760044546902,
          "5": -0.06264804882052255,
          "63": 0.0044255447993089125
        },
        "ic_mean": -0.06264804882052255,
        "ic_tstat": -1.1154413295222299,
        "primary_horizon": 5,
        "top_bottom_spread": 0.004049397635173208,
        "top_decile_excess_return": -5.3417391491879944e-05
      }
    },
    "oos": {
      "PMARP_Rebound_V1": {
        "by_horizon": {
          "21": {
            "ic_mean": 0.007395735364887522,
            "ic_tstat": 0.10115160426783545,
            "n_ic_obs": 166,
            "p_value": 0.9195529239231395,
            "top_bottom_spread": 8.254842676185232e-06,
            "top_decile_excess_return": 0.018037150510602583
          },
          "5": {
            "ic_mean": 0.024413438544354054,
            "ic_tstat": 0.3956178728160243,
            "n_ic_obs": 182,
            "p_value": 0.6928528566332474,
            "top_bottom_spread": -0.0003447884678043496,
            "top_decile_excess_return": -0.0009542932454402815
          },
          "63": {
            "ic_mean": 0.0532600464052077,
            "ic_tstat": 0.6644609836396651,
            "n_ic_obs": 124,
            "p_value": 0.5076390865699772,
            "top_bottom_spread": -0.010163887619331862,
            "top_decile_excess_return": -0.005852819234287457
          }
        },
        "ic_decay": {
          "21": 0.007395735364887522,
          "5": 0.024413438544354054,
          "63": 0.0532600464052077
        },
        "ic_mean": 0.024413438544354054,
        "ic_tstat": 0.3956178728160243,
        "primary_horizon": 5,
        "top_bottom_spread": -0.0003447884678043496,
        "top_decile_excess_return": -0.0009542932454402815
      },
      "combo": {
        "by_horizon": {
          "21": {
            "ic_mean": 0.007395735364887522,
            "ic_tstat": 0.10115160426783545,
            "n_ic_obs": 166,
            "p_value": 0.9195529239231395,
            "top_bottom_spread": 8.254842676185232e-06,
            "top_decile_excess_return": 0.018037150510602583
          },
          "5": {
            "ic_mean": 0.024413438544354054,
            "ic_tstat": 0.3956178728160243,
            "n_ic_obs": 182,
            "p_value": 0.6928528566332474,
            "top_bottom_spread": -0.0003447884678043496,
            "top_decile_excess_return": -0.0009542932454402815
          },
          "63": {
            "ic_mean": 0.0532600464052077,
            "ic_tstat": 0.6644609836396651,
            "n_ic_obs": 124,
            "p_value": 0.5076390865699772,
            "top_bottom_spread": -0.010163887619331862,
            "top_decile_excess_return": -0.005852819234287457
          }
        },
        "ic_decay": {
          "21": 0.007395735364887522,
          "5": 0.024413438544354054,
          "63": 0.0532600464052077
        },
        "ic_mean": 0.024413438544354054,
        "ic_tstat": 0.3956178728160243,
        "primary_horizon": 5,
        "top_bottom_spread": -0.0003447884678043496,
        "top_decile_excess_return": -0.0009542932454402815
      }
    }
  },
  "gates": {
    "annual_turnover_within_limit": {
      "pass": true,
      "threshold": 20.0,
      "value": 11.4667
    },
    "is_sharpe_positive": {
      "pass": false,
      "value": -1.1345
    },
    "oos_ic_positive": {
      "pass": true,
      "value": 0.024413438544354054
    },
    "oos_sharpe_positive": {
      "pass": true,
      "value": 1.048
    },
    "oos_vs_is_sharpe_ratio_gte_0_5": {
      "pass": true,
      "threshold": 0.5,
      "value": -0.9237549581313353
    }
  },
  "shared_root": "/Users/owen/CC workspace/Finance",
  "strategy": {
    "is": {
      "alpha": -0.1293,
      "annual_turnover": 11.1416,
      "annual_volatility": 0.118158,
      "benchmark_cagr": 0.239987,
      "beta": -0.0466,
      "cagr": -0.134053,
      "calmar_ratio": -0.9153,
      "excess_cagr": -0.37404000000000004,
      "information_ratio": -2.1226,
      "ir": -2.1226,
      "max_dd_duration": 251,
      "max_drawdown": -0.146452,
      "n_days": 259,
      "n_trades": 1789,
      "sharpe_ratio": -1.1345,
      "sortino_ratio": -1.4072,
      "total_costs": 1530.77,
      "total_return": -0.137509,
      "tracking_error": 0.177091,
      "win_rate": 0.469
    },
    "oos": {
      "alpha": 0.146127,
      "annual_turnover": 11.4667,
      "annual_volatility": 0.115458,
      "benchmark_cagr": 0.16783,
      "beta": -0.0725,
      "cagr": 0.120999,
      "calmar_ratio": 0.9207,
      "excess_cagr": -0.04683100000000001,
      "information_ratio": -0.2104,
      "ir": -0.2104,
      "max_dd_duration": 39,
      "max_drawdown": -0.131422,
      "n_days": 255,
      "n_trades": 1383,
      "sharpe_ratio": 1.048,
      "sortino_ratio": 1.3921,
      "total_costs": 1677.54,
      "total_return": 0.122524,
      "tracking_error": 0.239066,
      "win_rate": 0.5197
    }
  }
}